<?xml version="1.0" encoding="UTF-8"?>
<!-- Generated by JClic - https://projectestac.github.io/jclic -->
<manifest
  identifier="JClic-7C57EA"
  version="1.0"
  xmlns="http://www.imsproject.org/xsd/imscp_rootv1p1p2"
  xmlns:adlcp="http://www.adlnet.org/xsd/adlcp_rootv1p2"
  xmlns:xsi="http://www.w3.org/2001/XMLSchema-instance"
  xsi:schemaLocation= "http://www.imsproject.org/xsd/imscp_rootv1p1p2 imscp_rootv1p1p2.xsd http://www.imsglobal.org/xsd/imsmd_rootv1p2p1 imsmd_rootv1p2p1.xsd http://www.adlnet.org/xsd/adlcp_rootv1p2 adlcp_rootv1p2.xsd">
 <metadata> 
  <schema>ADL SCORM</schema>
  <schemaversion>1.2</schemaversion>
      <lomes:lom>
         <lomes:general>
            <lomes:identifier>
               <lomes:catalog>JClic library</lomes:catalog>
               <lomes:entry>JClic-7C57EA</lomes:entry>
            </lomes:identifier>
            <lomes:title>
               <lomes:string language="es">Observa y relaciona</lomes:string>
            </lomes:title>
            <lomes:language>es</lomes:language>
            <lomes:description>
               <lomes:string language="es">Es un conjunto de seis paquetes de actividades creadas para trabajar estas habilidades con niños de tres a seis años: "Encajes", "Encuentra el otro trozo", "¿Qué le falta?", "¿Qué ha cambiado?", "Encuentra las diferencias" y "Piensa y relaciona".</lomes:string>
            </lomes:description>
            <lomes:keyword>
               <lomes:string language="es">lenguaje visual y plástico</lomes:string>
            </lomes:keyword>
            <lomes:keyword>
               <lomes:string language="es">lógica</lomes:string>
            </lomes:keyword>
            <lomes:aggregationLevel>
               <lomes:source>LOM-ESv1.0</lomes:source>
               <lomes:value>3</lomes:value>
            </lomes:aggregationLevel>
         </lomes:general>
         <lomes:lifeCycle>
         </lomes:lifeCycle>
         <lomes:metaMetadata>
            <lomes:metadataSchema>LOM-ESv1.0</lomes:metadataSchema>
            <lomes:language>es</lomes:language>
         </lomes:metaMetadata>
         <lomes:technical>
            <lomes:format>text/html</lomes:format>
         </lomes:technical>
         <lomes:educational>
            <lomes:learningResourceType>
               <lomes:source>LOM-ESv1.0</lomes:source>
               <lomes:value>didactic game</lomes:value>
            </lomes:learningResourceType>
            <lomes:language>es</lomes:language>
         </lomes:educational>
         <lomes:rights>
            <lomes:copyrightAndOtherRestrictions>
               <lomes:source>LOM-ESv1.0</lomes:source>
               <lomes:value>creative commons: attribution - non commercial - share alike</lomes:value>
            </lomes:copyrightAndOtherRestrictions>
            <lomes:access>
               <lomes:accessType>
                  <lomes:source>LOM-ESv1.0</lomes:source>
                  <lomes:value>universal</lomes:value>
               </lomes:accessType>
            </lomes:access>
         </lomes:rights>
      </lomes:lom>
 </metadata> 
 <organizations default="JClic">  
  <organization identifier="JClic">  
   <title>Observa y relaciona</title>
   <item identifier="ITEM_JClic-7C57EA" identifierref="RES_JClic-7C57EA">
    <title>Observa y relaciona</title>
   </item>
  </organization>
 </organizations>
 <resources>
  <resource identifier="RES_JClic-7C57EA" type="webcontent" href="/index.html" adlcp:scormtype="sco"> 
   <file href="canvis.gif"/>
   <file href="canvis_adeu.gif"/>
   <file href="canvis_aquarel.gif"/>
   <file href="canvis_baldufa.gif"/>
   <file href="canvis_bebe.gif"/>
   <file href="canvis_bebe2.gif"/>
   <file href="canvis_cartera.gif"/>
   <file href="canvis_cavallet.gif"/>
   <file href="canvis_colors.gif"/>
   <file href="canvis_cotxe.gif"/>
   <file href="canvis_cotxet.gif"/>
   <file href="canvis_cubs.gif"/>
   <file href="canvis_dibuix.gif"/>
   <file href="canvis_estel.gif"/>
   <file href="canvis_final.gif"/>
   <file href="canvis_fixat_hi.gif"/>
   <file href="canvis_inici.gif"/>
   <file href="canvis_llapigom.gif"/>
   <file href="canvis_nen.gif"/>
   <file href="canvis_nen2.gif"/>
   <file href="canvis_nena.gif"/>
   <file href="canvis_nena2.gif"/>
   <file href="canvis_nina.gif"/>
   <file href="canvis_ospeluix.gif"/>
   <file href="canvis_pepa.gif"/>
   <file href="canvis_pilota.gif"/>
   <file href="canvis_prestatg.gif"/>
   <file href="canvis_quadern.gif"/>
   <file href="canvis_que.gif"/>
   <file href="canvis_raqueta.gif"/>
   <file href="canvis_reglcart.gif"/>
   <file href="canvis_timbal.gif"/>
   <file href="canvis_tisores.gif"/>
   <file href="canvis_titella.gif"/>
   <file href="canvis_yoyo.gif"/>
   <file href="diferent.gif"/>
   <file href="diferent_adeu.gif"/>
   <file href="diferent_ajuda.gif"/>
   <file href="diferent_ajudaf.gif"/>
   <file href="diferent_bantu.gif"/>
   <file href="diferent_bantu2.gif"/>
   <file href="diferent_bantu3.gif"/>
   <file href="diferent_final.gif"/>
   <file href="diferent_gitana.gif"/>
   <file href="diferent_gitana2.gif"/>
   <file href="diferent_gitana3.gif"/>
   <file href="diferent_gitana4.gif"/>
   <file href="diferent_hawaian2.gif"/>
   <file href="diferent_hawaian3.gif"/>
   <file href="diferent_hawaiana.gif"/>
   <file href="diferent_indi.gif"/>
   <file href="diferent_indi2.gif"/>
   <file href="diferent_indi3.gif"/>
   <file href="diferent_indu.gif"/>
   <file href="diferent_indu2.gif"/>
   <file href="diferent_indu3.gif"/>
   <file href="diferent_inici.gif"/>
   <file href="diferent_japone2.gif"/>
   <file href="diferent_japone3.gif"/>
   <file href="diferent_japones.gif"/>
   <file href="diferent_japones2.gif"/>
   <file href="diferent_japones3.gif"/>
   <file href="diferent_japonesa.gif"/>
   <file href="diferent_marroc.gif"/>
   <file href="diferent_marroc2.gif"/>
   <file href="diferent_marroc3.gif"/>
   <file href="diferent_rus.gif"/>
   <file href="diferent_rus2.gif"/>
   <file href="diferent_rus3.gif"/>
   <file href="diferent_xicot.gif"/>
   <file href="diferent_xicot2.gif"/>
   <file href="diferent_xicot3.gif"/>
   <file href="encaix.gif"/>
   <file href="favicon.ico"/>
   <file href="figfons_abella.gif"/>
   <file href="figfons_adeu.gif"/>
   <file href="figfons_ajuda.gif"/>
   <file href="figfons_anec.gif"/>
   <file href="figfons_ase.gif"/>
   <file href="figfons_baldufa.gif"/>
   <file href="figfons_cavall.gif"/>
   <file href="figfons_cavallet.gif"/>
   <file href="figfons_conill.gif"/>
   <file href="figfons_cotxe.gif"/>
   <file href="figfons_cubs.gif"/>
   <file href="figfons_estel.gif"/>
   <file href="figfons_final.gif"/>
   <file href="figfons_formatge.gif"/>
   <file href="figfons_gallina.gif"/>
   <file href="figfons_gat.gif"/>
   <file href="figfons_gos.gif"/>
   <file href="figfons_inici.gif"/>
   <file href="figfons_nabella.gif"/>
   <file href="figfons_nanec.gif"/>
   <file href="figfons_nase.gif"/>
   <file href="figfons_nbaldufa.gif"/>
   <file href="figfons_ncavall.gif"/>
   <file href="figfons_ncavalle.gif"/>
   <file href="figfons_nconill.gif"/>
   <file href="figfons_ncotxe.gif"/>
   <file href="figfons_ncubs.gif"/>
   <file href="figfons_nestel.gif"/>
   <file href="figfons_nformatg.gif"/>
   <file href="figfons_ngallina.gif"/>
   <file href="figfons_ngat.gif"/>
   <file href="figfons_ngos.gif"/>
   <file href="figfons_nina.gif"/>
   <file href="figfons_nnina.gif"/>
   <file href="figfons_nospelui.gif"/>
   <file href="figfons_nou.gif"/>
   <file href="figfons_npastana.gif"/>
   <file href="figfons_npatins.gif"/>
   <file href="figfons_npilota.gif"/>
   <file href="figfons_npollast.gif"/>
   <file href="figfons_nporc.gif"/>
   <file href="figfons_nraqueta.gif"/>
   <file href="figfons_nvaca.gif"/>
   <file href="figfons_nxai.gif"/>
   <file href="figfons_ospeluix.gif"/>
   <file href="figfons_ou.gif"/>
   <file href="figfons_pastanag.gif"/>
   <file href="figfons_patins.gif"/>
   <file href="figfons_pilota.gif"/>
   <file href="figfons_pollastr.gif"/>
   <file href="figfons_porc.gif"/>
   <file href="figfons_raqueta.gif"/>
   <file href="figfons_vaca.gif"/>
   <file href="figfons_xai.gif"/>
   <file href="icon-192.png"/>
   <file href="icon-72.png"/>
   <file href="imsmanifest.xml"/>
   <file href="index.html"/>
   <file href="observes.jclic"/>
   <file href="observes.jclic.js"/>
   <file href="parelles.gif"/>
   <file href="parelles_aabric.gif"/>
   <file href="parelles_abric.gif"/>
   <file href="parelles_acamisa.gif"/>
   <file href="parelles_acasso.gif"/>
   <file href="parelles_acuina.gif"/>
   <file href="parelles_adeu.gif"/>
   <file href="parelles_aenciam.gif"/>
   <file href="parelles_aguineu.gif"/>
   <file href="parelles_ajuda.gif"/>
   <file href="parelles_amico.gif"/>
   <file href="parelles_amitjo.gif"/>
   <file href="parelles_aneve.gif"/>
   <file href="parelles_aos.gif"/>
   <file href="parelles_apanta.gif"/>
   <file href="parelles_apeix.gif"/>
   <file href="parelles_apernil.gif"/>
   <file href="parelles_aping_i.gif"/>
   <file href="parelles_apolla.gif"/>
   <file href="parelles_aquarel.gif"/>
   <file href="parelles_arc.gif"/>
   <file href="parelles_arenta.gif"/>
   <file href="parelles_asol.gif"/>
   <file href="parelles_babric.gif"/>
   <file href="parelles_bcamisa.gif"/>
   <file href="parelles_bcasso.gif"/>
   <file href="parelles_bcuina.gif"/>
   <file href="parelles_benciam.gif"/>
   <file href="parelles_bguineu.gif"/>
   <file href="parelles_bmico.gif"/>
   <file href="parelles_bmitjo.gif"/>
   <file href="parelles_bneve.gif"/>
   <file href="parelles_bos.gif"/>
   <file href="parelles_bpanta.gif"/>
   <file href="parelles_bpeix.gif"/>
   <file href="parelles_bpernil.gif"/>
   <file href="parelles_bping_i.gif"/>
   <file href="parelles_bpolla.gif"/>
   <file href="parelles_brenta.gif"/>
   <file href="parelles_bsol.gif"/>
   <file href="parelles_camisa.gif"/>
   <file href="parelles_casso.gif"/>
   <file href="parelles_colors.gif"/>
   <file href="parelles_cuina.gif"/>
   <file href="parelles_daquarel.gif"/>
   <file href="parelles_darc.gif"/>
   <file href="parelles_dcolors.gif"/>
   <file href="parelles_destels.gif"/>
   <file href="parelles_dgabia.gif"/>
   <file href="parelles_dlluna.gif"/>
   <file href="parelles_dpallas.gif"/>
   <file href="parelles_dpasta.gif"/>
   <file href="parelles_dpinta.gif"/>
   <file href="parelles_dquadern.gif"/>
   <file href="parelles_draspall.gif"/>
   <file href="parelles_dtisores.gif"/>
   <file href="parelles_dtovall.gif"/>
   <file href="parelles_dtrape.gif"/>
   <file href="parelles_dvela.gif"/>
   <file href="parelles_eaquarel.gif"/>
   <file href="parelles_earc.gif"/>
   <file href="parelles_ecolors.gif"/>
   <file href="parelles_eestels.gif"/>
   <file href="parelles_egabia.gif"/>
   <file href="parelles_elluna.gif"/>
   <file href="parelles_enciam.gif"/>
   <file href="parelles_epallas.gif"/>
   <file href="parelles_epasta.gif"/>
   <file href="parelles_epinta.gif"/>
   <file href="parelles_equadern.gif"/>
   <file href="parelles_eraspall.gif"/>
   <file href="parelles_estels.gif"/>
   <file href="parelles_etisores.gif"/>
   <file href="parelles_etovall.gif"/>
   <file href="parelles_etrape.gif"/>
   <file href="parelles_evela.gif"/>
   <file href="parelles_final.gif"/>
   <file href="parelles_fixat_hi.gif"/>
   <file href="parelles_gabia.gif"/>
   <file href="parelles_guineu.gif"/>
   <file href="parelles_inici.gif"/>
   <file href="parelles_lluna.gif"/>
   <file href="parelles_mico.gif"/>
   <file href="parelles_mitjo.gif"/>
   <file href="parelles_neve.gif"/>
   <file href="parelles_os.gif"/>
   <file href="parelles_pallas.gif"/>
   <file href="parelles_panimals.gif"/>
   <file href="parelles_panta.gif"/>
   <file href="parelles_pasta.gif"/>
   <file href="parelles_pcel.gif"/>
   <file href="parelles_pcirc.gif"/>
   <file href="parelles_pcuina.gif"/>
   <file href="parelles_peix.gif"/>
   <file href="parelles_pernil.gif"/>
   <file href="parelles_pescola.gif"/>
   <file href="parelles_ping_i.gif"/>
   <file href="parelles_pinta.gif"/>
   <file href="parelles_plavabo.gif"/>
   <file href="parelles_pmenjar.gif"/>
   <file href="parelles_polla.gif"/>
   <file href="parelles_proba.gif"/>
   <file href="parelles_quadern.gif"/>
   <file href="parelles_raspall.gif"/>
   <file href="parelles_renta.gif"/>
   <file href="parelles_sol.gif"/>
   <file href="parelles_tisores.gif"/>
   <file href="parelles_tovall.gif"/>
   <file href="parelles_trape.gif"/>
   <file href="parelles_vela.gif"/>
   <file href="portada.gif"/>
   <file href="project-cover.jpg"/>
   <file href="project-thumb.jpg"/>
   <file href="project.json"/>
   <file href="quefalta.gif"/>
   <file href="quefalta_adeu.gif"/>
   <file href="quefalta_ajuda.gif"/>
   <file href="quefalta_arciris.gif"/>
   <file href="quefalta_banya.gif"/>
   <file href="quefalta_barret.gif"/>
   <file href="quefalta_barretcu.gif"/>
   <file href="quefalta_boca.gif"/>
   <file href="quefalta_bufanda.gif"/>
   <file href="quefalta_cambrer.gif"/>
   <file href="quefalta_caseta.gif"/>
   <file href="quefalta_celles.gif"/>
   <file href="quefalta_cua.gif"/>
   <file href="quefalta_cuiner.gif"/>
   <file href="quefalta_cullera.gif"/>
   <file href="quefalta_elefant.gif"/>
   <file href="quefalta_elesense.gif"/>
   <file href="quefalta_esqsense.gif"/>
   <file href="quefalta_esqui.gif"/>
   <file href="quefalta_esquis.gif"/>
   <file href="quefalta_final.gif"/>
   <file href="quefalta_finestra.gif"/>
   <file href="quefalta_gorra.gif"/>
   <file href="quefalta_inici.gif"/>
   <file href="quefalta_nas.gif"/>
   <file href="quefalta_nobarsab.gif"/>
   <file href="quefalta_nobocull.gif"/>
   <file href="quefalta_noporxem.gif"/>
   <file href="quefalta_nuvol.gif"/>
   <file href="quefalta_orella.gif"/>
   <file href="quefalta_pallasso.gif"/>
   <file href="quefalta_pantalo.gif"/>
   <file href="quefalta_pluja.gif"/>
   <file href="quefalta_porta.gif"/>
   <file href="quefalta_ptennis.gif"/>
   <file href="quefalta_raqueta.gif"/>
   <file href="quefalta_sabates.gif"/>
   <file href="quefalta_safata.gif"/>
   <file href="quefalta_sense.gif"/>
   <file href="quefalta_sensecam.gif"/>
   <file href="quefalta_sol.gif"/>
   <file href="quefalta_soliplou.gif"/>
   <file href="quefalta_tennista.gif"/>
   <file href="quefalta_teulada.gif"/>
   <file href="quefalta_tovallo.gif"/>
   <file href="quefalta_ulls.gif"/>
   <file href="quefalta_xeme.gif"/>
   <file href="relacio.gif"/>
   <file href="relacio_adeu.gif"/>
   <file href="relacio_ajuda.gif"/>
   <file href="relacio_avio.gif"/>
   <file href="relacio_bombeta.gif"/>
   <file href="relacio_botons.gif"/>
   <file href="relacio_cadira.gif"/>
   <file href="relacio_camisa.gif"/>
   <file href="relacio_canoa.gif"/>
   <file href="relacio_cistella.gif"/>
   <file href="relacio_clau.gif"/>
   <file href="relacio_claus.gif"/>
   <file href="relacio_coberts.gif"/>
   <file href="relacio_cotxe.gif"/>
   <file href="relacio_cotxet.gif"/>
   <file href="relacio_final.gif"/>
   <file href="relacio_fllimona.gif"/>
   <file href="relacio_flor.gif"/>
   <file href="relacio_fmaduixa.gif"/>
   <file href="relacio_fpebrot.gif"/>
   <file href="relacio_fpomes.gif"/>
   <file href="relacio_gall.gif"/>
   <file href="relacio_gallina.gif"/>
   <file href="relacio_gorra.gif"/>
   <file href="relacio_guant.gif"/>
   <file href="relacio_helicopt.gif"/>
   <file href="relacio_inici.gif"/>
   <file href="relacio_llapis.gif"/>
   <file href="relacio_llibreta.gif"/>
   <file href="relacio_llimones.gif"/>
   <file href="relacio_llum.gif"/>
   <file href="relacio_ma.gif"/>
   <file href="relacio_maduixa.gif"/>
   <file href="relacio_martell.gif"/>
   <file href="relacio_noi.gif"/>
   <file href="relacio_ordinado.gif"/>
   <file href="relacio_os.gif"/>
   <file href="relacio_paleta.gif"/>
   <file href="relacio_panda.gif"/>
   <file href="relacio_pany.gif"/>
   <file href="relacio_pbasquet.gif"/>
   <file href="relacio_pebrot.gif"/>
   <file href="relacio_peixera.gif"/>
   <file href="relacio_peixet.gif"/>
   <file href="relacio_peu.gif"/>
   <file href="relacio_pfutbol.gif"/>
   <file href="relacio_pinzell.gif"/>
   <file href="relacio_plat.gif"/>
   <file href="relacio_pomes.gif"/>
   <file href="relacio_porteria.gif"/>
   <file href="relacio_ptennis.gif"/>
   <file href="relacio_raqueta.gif"/>
   <file href="relacio_ratoli.gif"/>
   <file href="relacio_regadora.gif"/>
   <file href="relacio_rem.gif"/>
   <file href="relacio_roda.gif"/>
   <file href="relacio_sabata.gif"/>
   <file href="relacio_submari.gif"/>
   <file href="relacio_taula.gif"/>
   <file href="relacio_tigre.gif"/>
   <file href="relacio_tigresa.gif"/>
   <file href="relacio_tren.gif"/>
   <file href="relacio_ulleres.gif"/>
   <file href="relacio_ulls.gif"/>
   <file href="relacio_vaixell.gif"/>
  </resource>
 </resources>
</manifest>
